{
  "stages": {
    "emotion_shift": {
      "pool_n": 100,
      "subset_n": 25,
      "score_n": 25,
      "scores": {
        "kimi-k2.6:cloud": 8.24,
        "kimi-k2.5:cloud": 7.92,
        "ministral-3:14b": 7.88,
        "ministral-3:8b": 7.4,
        "qwen3.5:cloud": 7.6
      },
      "timing": {
        "n_samples": 25,
        "serial_ms": 5405845.732999994,
        "parallel_ms": 2002541.7005999917,
        "models": {
          "kimi-k2.6:cloud": {
            "avg_ttft": 46680.44374799938,
            "avg_total": 48974.737496000016,
            "min_total": 16288.313799988828,
            "max_total": 110111.72259999148,
            "avg_prompt": 262.48,
            "avg_completion": 132.52,
            "groq_per_call": 0.0006600400000000001,
            "oai_per_call": 0.00011888399999999998
          },
          "kimi-k2.5:cloud": {
            "avg_ttft": 65916.91346000182,
            "avg_total": 72194.28592000157,
            "min_total": 24065.82969998999,
            "max_total": 169372.59830000403,
            "avg_prompt": 262.48,
            "avg_completion": 138.2,
            "groq_per_call": 0.00067708,
            "oai_per_call": 0.000122292
          },
          "ministral-3:14b": {
            "avg_ttft": 9148.741807999322,
            "avg_total": 17080.002783999662,
            "min_total": 0.0,
            "max_total": 63486.62440000044,
            "avg_prompt": 240.36,
            "avg_completion": 337.8,
            "groq_per_call": 3.9042e-05,
            "oai_per_call": 0.000238734
          },
          "ministral-3:8b": {
            "avg_ttft": 9648.414199999534,
            "avg_total": 16093.051776000648,
            "min_total": 0.0,
            "max_total": 36695.89370000176,
            "avg_prompt": 251.36,
            "avg_completion": 259.92,
            "groq_per_call": 3.33616e-05,
            "oai_per_call": 0.000193656
          },
          "qwen3.5:cloud": {
            "avg_ttft": 59660.03801999789,
            "avg_total": 61891.751343997894,
            "min_total": 38483.34949999116,
            "max_total": 148262.69969998975,
            "avg_prompt": 262.48,
            "avg_completion": 96.36,
            "groq_per_call": 0.0002309876,
            "oai_per_call": 9.718799999999999e-05
          }
        }
      },
      "avg_input_chars": 569
    },
    "process_adherence": {
      "pool_n": 100,
      "subset_n": 25,
      "score_n": 10,
      "scores": {
        "kimi-k2.6:cloud": 6.3,
        "kimi-k2.5:cloud": 5.64,
        "ministral-3:14b": 3.7,
        "ministral-3:8b": 4.8,
        "qwen3.5:cloud": 5.5
      },
      "timing": {
        "n_samples": 25,
        "serial_ms": 5625628.891800065,
        "parallel_ms": 1876278.5539000179,
        "models": {
          "kimi-k2.6:cloud": {
            "avg_ttft": 47483.80721200025,
            "avg_total": 52885.01154799888,
            "min_total": 32290.717399999266,
            "max_total": 91642.32889999403,
            "avg_prompt": 247.12,
            "avg_completion": 305.56,
            "groq_per_call": 0.0011638,
            "oai_per_call": 0.00022040399999999997
          },
          "kimi-k2.5:cloud": {
            "avg_ttft": 50671.13685599994,
            "avg_total": 61945.26049200155,
            "min_total": 21295.58530000213,
            "max_total": 110822.0466000057,
            "avg_prompt": 247.12,
            "avg_completion": 377.0,
            "groq_per_call": 0.0013781199999999998,
            "oai_per_call": 0.000263268
          },
          "ministral-3:14b": {
            "avg_ttft": 11344.672740001115,
            "avg_total": 32523.48942800134,
            "min_total": 14214.733599990723,
            "max_total": 92746.41229999543,
            "avg_prompt": 247.12,
            "avg_completion": 788.68,
            "groq_per_call": 7.54504e-05,
            "oai_per_call": 0.000510276
          },
          "ministral-3:8b": {
            "avg_ttft": 6379.784003999666,
            "avg_total": 21809.98635600088,
            "min_total": 0.0,
            "max_total": 50824.47380000667,
            "avg_prompt": 235.52,
            "avg_completion": 816.84,
            "groq_per_call": 7.71232e-05,
            "oai_per_call": 0.0005254319999999999
          },
          "qwen3.5:cloud": {
            "avg_ttft": 49312.73033599951,
            "avg_total": 55861.40784799995,
            "min_total": 0.0,
            "max_total": 116075.11890000023,
            "avg_prompt": 238.96,
            "avg_completion": 311.44,
            "groq_per_call": 0.00038702399999999997,
            "oai_per_call": 0.000222708
          }
        }
      },
      "avg_input_chars": 730
    },
    "nli_policy": {
      "pool_n": 100,
      "subset_n": 25,
      "score_n": 25,
      "scores": {
        "kimi-k2.6:cloud": 9.52,
        "kimi-k2.5:cloud": 9.12,
        "ministral-3:14b": 8.52,
        "ministral-3:8b": 9.08,
        "qwen3.5:cloud": 8.72
      },
      "timing": {
        "n_samples": 25,
        "serial_ms": 2436255.2797999377,
        "parallel_ms": 1091361.2166000092,
        "models": {
          "kimi-k2.6:cloud": {
            "avg_ttft": 24111.46164799924,
            "avg_total": 25829.71799999941,
            "min_total": 6023.306200004299,
            "max_total": 105264.91680000618,
            "avg_prompt": 178.52,
            "avg_completion": 90.84,
            "groq_per_call": 0.00045104,
            "oai_per_call": 8.1282e-05
          },
          "kimi-k2.5:cloud": {
            "avg_ttft": 16149.597296000575,
            "avg_total": 17625.760103998473,
            "min_total": 4625.341000006301,
            "max_total": 41014.42649999808,
            "avg_prompt": 178.52,
            "avg_completion": 94.28,
            "groq_per_call": 0.00046135999999999996,
            "oai_per_call": 8.3346e-05
          },
          "ministral-3:14b": {
            "avg_ttft": 4019.698212000658,
            "avg_total": 6789.099532000255,
            "min_total": 2257.882400008384,
            "max_total": 13532.083900005091,
            "avg_prompt": 178.52,
            "avg_completion": 85.56,
            "groq_per_call": 1.57708e-05,
            "oai_per_call": 7.811399999999999e-05
          },
          "ministral-3:8b": {
            "avg_ttft": 4575.290167998755,
            "avg_total": 7051.235987999244,
            "min_total": 2168.5017999989213,
            "max_total": 15500.688100000843,
            "avg_prompt": 178.52,
            "avg_completion": 105.84,
            "groq_per_call": 1.73932e-05,
            "oai_per_call": 9.0282e-05
          },
          "qwen3.5:cloud": {
            "avg_ttft": 38742.280123998644,
            "avg_total": 40154.39756800013,
            "min_total": 10516.535600007046,
            "max_total": 112511.13420000183,
            "avg_prompt": 178.52,
            "avg_completion": 89.56,
            "groq_per_call": 0.00017607919999999998,
            "oai_per_call": 8.051400000000001e-05
          }
        }
      },
      "avg_input_chars": 207
    },
    "rag_judge": {
      "pool_n": 100,
      "subset_n": 20,
      "score_n": 20,
      "scores": {
        "kimi-k2.6:cloud": 9.7,
        "kimi-k2.5:cloud": 9.7,
        "ministral-3:14b": 9.7,
        "ministral-3:8b": 9.65,
        "qwen3.5:cloud": 9.7
      },
      "timing": {
        "n_samples": 20,
        "serial_ms": 898879.5132000378,
        "parallel_ms": 411151.7104999657,
        "models": {
          "kimi-k2.6:cloud": {
            "avg_ttft": 5808.981704998587,
            "avg_total": 6754.522660000657,
            "min_total": 3545.80839999835,
            "max_total": 16555.65020001086,
            "avg_prompt": 97.1,
            "avg_completion": 51.3,
            "groq_per_call": 0.00025100000000000003,
            "oai_per_call": 4.5345e-05
          },
          "kimi-k2.5:cloud": {
            "avg_ttft": 6740.489230002277,
            "avg_total": 7609.881885002687,